"ID","Handle","Title","Image Width","Image Height","Image Alt Text","Top Row","Product: ID","Product: Handle","Product: Position","Products Count"
"171653824593","1985-arctic-cat-cougar","1985 Arctic Cat Cougar","1300","217","","true","6776332943441","arcticcat-3003-503","","46"
"171653824593","1985-arctic-cat-cougar","1985 Arctic Cat Cougar","1300","217","","","7036384477265","arcticcat-0510-358","","46"
"171653824593","1985-arctic-cat-cougar","1985 Arctic Cat Cougar","1300","217","","","6623749242961","arcticcat-0470-988","","46"
"171653824593","1985-arctic-cat-cougar","1985 Arctic Cat Cougar","1300","217","","","6819648405585","arcticcat-0602-198","","46"
"171653824593","1985-arctic-cat-cougar","1985 Arctic Cat Cougar","1300","217","","","4721578049617","arcticcat-1702-180","","46"
"171653824593","1985-arctic-cat-cougar","1985 Arctic Cat Cougar","1300","217","","","6950856720465","arcticcat-0120-247","","46"
"171653824593","1985-arctic-cat-cougar","1985 Arctic Cat Cougar","1300","217","","","6748484534353","arcticcat-1602-375","","46"
"171653824593","1985-arctic-cat-cougar","1985 Arctic Cat Cougar","1300","217","","","6623748751441","arcticcat-0107-003","","46"
"171653824593","1985-arctic-cat-cougar","1985 Arctic Cat Cougar","1300","217","","","6622987911249","arcticcat-0123-321","","46"
"171653824593","1985-arctic-cat-cougar","1985 Arctic Cat Cougar","1300","217","","","6623747014737","arcticcat-8061-706","","46"
"171653824593","1985-arctic-cat-cougar","1985 Arctic Cat Cougar","1300","217","","","4721574805585","arcticcat-0124-054","","46"
"171653824593","1985-arctic-cat-cougar","1985 Arctic Cat Cougar","1300","217","","","7070735925329","arcticcat-0603-036","","46"
"171653824593","1985-arctic-cat-cougar","1985 Arctic Cat Cougar","1300","217","","","7070735532113","arcticcat-0115-307","","46"
"171653824593","1985-arctic-cat-cougar","1985 Arctic Cat Cougar","1300","217","","","7068429484113","arcticcat-3006-889","","46"
"171653824593","1985-arctic-cat-cougar","1985 Arctic Cat Cougar","1300","217","","","6969749569617","arcticcat-0123-010","","46"
"171653824593","1985-arctic-cat-cougar","1985 Arctic Cat Cougar","1300","217","","","6748484370513","arcticcat-0623-010","","46"
"171653824593","1985-arctic-cat-cougar","1985 Arctic Cat Cougar","1300","217","","","6642415009873","arcticcat-8050-157","","46"
"171653824593","1985-arctic-cat-cougar","1985 Arctic Cat Cougar","1300","217","","","6626395947089","arcticcat-1604-772","","46"
"171653824593","1985-arctic-cat-cougar","1985 Arctic Cat Cougar","1300","217","","","6623204671569","arcticcat-8050-242","","46"
"171653824593","1985-arctic-cat-cougar","1985 Arctic Cat Cougar","1300","217","","","6623195332689","arcticcat-8061-708","","46"
"171653824593","1985-arctic-cat-cougar","1985 Arctic Cat Cougar","1300","217","","","6622987321425","arcticcat-0148-199","","46"
"171653824593","1985-arctic-cat-cougar","1985 Arctic Cat Cougar","1300","217","","","7076476321873","arcticcat-0609-412","","46"
"171653824593","1985-arctic-cat-cougar","1985 Arctic Cat Cougar","1300","217","","","7071778930769","arcticcat-0636-363","","46"
"171653824593","1985-arctic-cat-cougar","1985 Arctic Cat Cougar","1300","217","","","7070735892561","arcticcat-0148-227","","46"
"171653824593","1985-arctic-cat-cougar","1985 Arctic Cat Cougar","1300","217","","","7068491317329","arcticcat-0123-430","","46"
"171653824593","1985-arctic-cat-cougar","1985 Arctic Cat Cougar","1300","217","","","7044616028241","arcticcat-8061-710","","46"
"171653824593","1985-arctic-cat-cougar","1985 Arctic Cat Cougar","1300","217","","","6970301677649","arcticcat-0104-386","","46"
"171653824593","1985-arctic-cat-cougar","1985 Arctic Cat Cougar","1300","217","","","6970267500625","arcticcat-8050-222","","46"
"171653824593","1985-arctic-cat-cougar","1985 Arctic Cat Cougar","1300","217","","","6970259767377","arcticcat-0603-049","","46"
"171653824593","1985-arctic-cat-cougar","1985 Arctic Cat Cougar","1300","217","","","6970258620497","arcticcat-0603-158","","46"
"171653824593","1985-arctic-cat-cougar","1985 Arctic Cat Cougar","1300","217","","","6642414059601","arcticcat-0123-394","","46"
"171653824593","1985-arctic-cat-cougar","1985 Arctic Cat Cougar","1300","217","","","6629157666897","arcticcat-8041-426","","46"
"171653824593","1985-arctic-cat-cougar","1985 Arctic Cat Cougar","1300","217","","","6624512639057","arcticcat-8002-228","","46"
"171653824593","1985-arctic-cat-cougar","1985 Arctic Cat Cougar","1300","217","","","6623206899793","arcticcat-8060-686","","46"
"171653824593","1985-arctic-cat-cougar","1985 Arctic Cat Cougar","1300","217","","","6623206801489","arcticcat-8060-486","","46"
"171653824593","1985-arctic-cat-cougar","1985 Arctic Cat Cougar","1300","217","","","6623204769873","arcticcat-8053-242","","46"
"171653824593","1985-arctic-cat-cougar","1985 Arctic Cat Cougar","1300","217","","","6623204737105","arcticcat-8050-247","","46"
"171653824593","1985-arctic-cat-cougar","1985 Arctic Cat Cougar","1300","217","","","6623193890897","arcticcat-8051-277","","46"
"171653824593","1985-arctic-cat-cougar","1985 Arctic Cat Cougar","1300","217","","","6623189336145","arcticcat-8042-486","","46"
"171653824593","1985-arctic-cat-cougar","1985 Arctic Cat Cougar","1300","217","","","6623188615249","arcticcat-8002-137","","46"
"171653824593","1985-arctic-cat-cougar","1985 Arctic Cat Cougar","1300","217","","","6623188582481","arcticcat-8040-426","","46"
"171653824593","1985-arctic-cat-cougar","1985 Arctic Cat Cougar","1300","217","","","6623188484177","arcticcat-8002-132","","46"
"171653824593","1985-arctic-cat-cougar","1985 Arctic Cat Cougar","1300","217","","","6622984044625","arcticcat-0123-523","","46"
"171653824593","1985-arctic-cat-cougar","1985 Arctic Cat Cougar","1300","217","","","6622981718097","arcticcat-3007-390","","46"
"171653824593","1985-arctic-cat-cougar","1985 Arctic Cat Cougar","1300","217","","","6622762434641","arcticcat-0123-439","","46"
"171653824593","1985-arctic-cat-cougar","1985 Arctic Cat Cougar","1300","217","","","4721543643217","arcticcat-6505-024","","46"
"171653857361","1985-arctic-cat-el-tigre-6000","1985 Arctic Cat El Tigre 6000","1300","217","","true","6776332943441","arcticcat-3003-503","","48"
"171653857361","1985-arctic-cat-el-tigre-6000","1985 Arctic Cat El Tigre 6000","1300","217","","","7036384477265","arcticcat-0510-358","","48"
"171653857361","1985-arctic-cat-el-tigre-6000","1985 Arctic Cat El Tigre 6000","1300","217","","","6623749242961","arcticcat-0470-988","","48"
"171653857361","1985-arctic-cat-el-tigre-6000","1985 Arctic Cat El Tigre 6000","1300","217","","","6819648405585","arcticcat-0602-198","","48"
"171653857361","1985-arctic-cat-el-tigre-6000","1985 Arctic Cat El Tigre 6000","1300","217","","","4721578049617","arcticcat-1702-180","","48"
"171653857361","1985-arctic-cat-el-tigre-6000","1985 Arctic Cat El Tigre 6000","1300","217","","","6950856720465","arcticcat-0120-247","","48"
"171653857361","1985-arctic-cat-el-tigre-6000","1985 Arctic Cat El Tigre 6000","1300","217","","","6748484534353","arcticcat-1602-375","","48"
"171653857361","1985-arctic-cat-el-tigre-6000","1985 Arctic Cat El Tigre 6000","1300","217","","","6623748751441","arcticcat-0107-003","","48"
"171653857361","1985-arctic-cat-el-tigre-6000","1985 Arctic Cat El Tigre 6000","1300","217","","","6622987911249","arcticcat-0123-321","","48"
"171653857361","1985-arctic-cat-el-tigre-6000","1985 Arctic Cat El Tigre 6000","1300","217","","","6623747014737","arcticcat-8061-706","","48"
"171653857361","1985-arctic-cat-el-tigre-6000","1985 Arctic Cat El Tigre 6000","1300","217","","","4721574805585","arcticcat-0124-054","","48"
"171653857361","1985-arctic-cat-el-tigre-6000","1985 Arctic Cat El Tigre 6000","1300","217","","","7070735925329","arcticcat-0603-036","","48"
"171653857361","1985-arctic-cat-el-tigre-6000","1985 Arctic Cat El Tigre 6000","1300","217","","","7070735532113","arcticcat-0115-307","","48"
"171653857361","1985-arctic-cat-el-tigre-6000","1985 Arctic Cat El Tigre 6000","1300","217","","","7068429484113","arcticcat-3006-889","","48"
"171653857361","1985-arctic-cat-el-tigre-6000","1985 Arctic Cat El Tigre 6000","1300","217","","","6969749569617","arcticcat-0123-010","","48"
"171653857361","1985-arctic-cat-el-tigre-6000","1985 Arctic Cat El Tigre 6000","1300","217","","","6748484370513","arcticcat-0623-010","","48"
"171653857361","1985-arctic-cat-el-tigre-6000","1985 Arctic Cat El Tigre 6000","1300","217","","","6642415009873","arcticcat-8050-157","","48"
"171653857361","1985-arctic-cat-el-tigre-6000","1985 Arctic Cat El Tigre 6000","1300","217","","","6626788343889","arcticcat-0646-160","","48"
"171653857361","1985-arctic-cat-el-tigre-6000","1985 Arctic Cat El Tigre 6000","1300","217","","","6626395947089","arcticcat-1604-772","","48"
"171653857361","1985-arctic-cat-el-tigre-6000","1985 Arctic Cat El Tigre 6000","1300","217","","","6623204671569","arcticcat-8050-242","","48"
"171653857361","1985-arctic-cat-el-tigre-6000","1985 Arctic Cat El Tigre 6000","1300","217","","","6623195332689","arcticcat-8061-708","","48"
"171653857361","1985-arctic-cat-el-tigre-6000","1985 Arctic Cat El Tigre 6000","1300","217","","","6622987321425","arcticcat-0148-199","","48"
"171653857361","1985-arctic-cat-el-tigre-6000","1985 Arctic Cat El Tigre 6000","1300","217","","","7076476321873","arcticcat-0609-412","","48"
"171653857361","1985-arctic-cat-el-tigre-6000","1985 Arctic Cat El Tigre 6000","1300","217","","","7071778930769","arcticcat-0636-363","","48"
"171653857361","1985-arctic-cat-el-tigre-6000","1985 Arctic Cat El Tigre 6000","1300","217","","","7070735892561","arcticcat-0148-227","","48"
"171653857361","1985-arctic-cat-el-tigre-6000","1985 Arctic Cat El Tigre 6000","1300","217","","","7070407360593","arcticcat-8050-272","","48"
"171653857361","1985-arctic-cat-el-tigre-6000","1985 Arctic Cat El Tigre 6000","1300","217","","","7068491317329","arcticcat-0123-430","","48"
"171653857361","1985-arctic-cat-el-tigre-6000","1985 Arctic Cat El Tigre 6000","1300","217","","","7044616028241","arcticcat-8061-710","","48"
"171653857361","1985-arctic-cat-el-tigre-6000","1985 Arctic Cat El Tigre 6000","1300","217","","","6970301677649","arcticcat-0104-386","","48"
"171653857361","1985-arctic-cat-el-tigre-6000","1985 Arctic Cat El Tigre 6000","1300","217","","","6970267500625","arcticcat-8050-222","","48"
"171653857361","1985-arctic-cat-el-tigre-6000","1985 Arctic Cat El Tigre 6000","1300","217","","","6970259767377","arcticcat-0603-049","","48"
"171653857361","1985-arctic-cat-el-tigre-6000","1985 Arctic Cat El Tigre 6000","1300","217","","","6970258620497","arcticcat-0603-158","","48"
"171653857361","1985-arctic-cat-el-tigre-6000","1985 Arctic Cat El Tigre 6000","1300","217","","","6950595002449","arcticcat-6505-033","","48"
"171653857361","1985-arctic-cat-el-tigre-6000","1985 Arctic Cat El Tigre 6000","1300","217","","","6642414059601","arcticcat-0123-394","","48"
"171653857361","1985-arctic-cat-el-tigre-6000","1985 Arctic Cat El Tigre 6000","1300","217","","","6629157666897","arcticcat-8041-426","","48"
"171653857361","1985-arctic-cat-el-tigre-6000","1985 Arctic Cat El Tigre 6000","1300","217","","","6624512639057","arcticcat-8002-228","","48"
"171653857361","1985-arctic-cat-el-tigre-6000","1985 Arctic Cat El Tigre 6000","1300","217","","","6623206899793","arcticcat-8060-686","","48"
"171653857361","1985-arctic-cat-el-tigre-6000","1985 Arctic Cat El Tigre 6000","1300","217","","","6623206801489","arcticcat-8060-486","","48"
"171653857361","1985-arctic-cat-el-tigre-6000","1985 Arctic Cat El Tigre 6000","1300","217","","","6623204769873","arcticcat-8053-242","","48"
"171653857361","1985-arctic-cat-el-tigre-6000","1985 Arctic Cat El Tigre 6000","1300","217","","","6623204737105","arcticcat-8050-247","","48"
"171653857361","1985-arctic-cat-el-tigre-6000","1985 Arctic Cat El Tigre 6000","1300","217","","","6623195627601","arcticcat-3004-540","","48"
"171653857361","1985-arctic-cat-el-tigre-6000","1985 Arctic Cat El Tigre 6000","1300","217","","","6623193890897","arcticcat-8051-277","","48"
"171653857361","1985-arctic-cat-el-tigre-6000","1985 Arctic Cat El Tigre 6000","1300","217","","","6623189336145","arcticcat-8042-486","","48"
"171653857361","1985-arctic-cat-el-tigre-6000","1985 Arctic Cat El Tigre 6000","1300","217","","","6623188615249","arcticcat-8002-137","","48"
"171653857361","1985-arctic-cat-el-tigre-6000","1985 Arctic Cat El Tigre 6000","1300","217","","","6623188582481","arcticcat-8040-426","","48"
"171653857361","1985-arctic-cat-el-tigre-6000","1985 Arctic Cat El Tigre 6000","1300","217","","","6623188484177","arcticcat-8002-132","","48"
"171653857361","1985-arctic-cat-el-tigre-6000","1985 Arctic Cat El Tigre 6000","1300","217","","","6622984044625","arcticcat-0123-523","","48"
"171653857361","1985-arctic-cat-el-tigre-6000","1985 Arctic Cat El Tigre 6000","1300","217","","","6622762434641","arcticcat-0123-439","","48"
"171653890129","1985-arctic-cat-jag","1985 Arctic Cat Jag","1300","217","","true","6776332943441","arcticcat-3003-503","","47"
"171653890129","1985-arctic-cat-jag","1985 Arctic Cat Jag","1300","217","","","7036384477265","arcticcat-0510-358","","47"
"171653890129","1985-arctic-cat-jag","1985 Arctic Cat Jag","1300","217","","","6623749242961","arcticcat-0470-988","","47"
"171653890129","1985-arctic-cat-jag","1985 Arctic Cat Jag","1300","217","","","6819648405585","arcticcat-0602-198","","47"
"171653890129","1985-arctic-cat-jag","1985 Arctic Cat Jag","1300","217","","","4721578049617","arcticcat-1702-180","","47"
