"ID","Handle","Metafield: title_tag [string]","Metafield: description_tag [string]","Metafield: fixmytoys.bwpid [single_line_text_field]","Metafield: fixmytoys.brand [single_line_text_field]","Metafield: fixmytoys.model [single_line_text_field]","Metafield: fixmytoys.equipmenttype [single_line_text_field]","Metafield: fixmytoys.submodel [single_line_text_field]","Metafield: fixmytoys.year [single_line_text_field]","Metafield: fixmytoys.breadcrumbs [single_line_text_field]","Metafield: fixmytoys.manufacturer [single_line_text_field]"
"171654578257","1985-arctic-cat-panther","1985 Arctic Cat Panther | Parts and Accessories","IN-STOCK OEM Arctic Cat Snowmobile  Parts & Accessories. SAME-DAY Ship on 1985 Arctic Cat Panther Parts to get You Up and Running again.","1001477,1380935","Arctic Cat","Panther","Snowmobile","Panther","1985","1985|pages/oem-parts?brand=Arctic%20Cat&year=1985,Arctic Cat|pages/oem-parts?brand=Arctic%20Cat,Panther|collections/1985-arctic-cat-panther",""
"171653824593","1985-arctic-cat-cougar","1985 Arctic Cat Cougar | Parts and Accessories","IN-STOCK OEM Arctic Cat Snowmobile  Parts & Accessories. SAME-DAY Ship on 1985 Arctic Cat Cougar Parts to get You Up and Running again.","1001476,1001480,1378872,1386662","Arctic Cat","Cougar","Snowmobile","Cougar","1985","1985|pages/oem-parts?brand=Arctic%20Cat&year=1985,Arctic Cat|pages/oem-parts?brand=Arctic%20Cat,Cougar|collections/1985-arctic-cat-cougar",""
"171654643793","1985-honda-aero-80","1985 Honda Aero 80 | Parts and Accessories","IN-STOCK OEM Honda Scooter  Parts & Accessories. SAME-DAY Ship on 1985 Honda Aero 80 Parts to get You Up and Running again.","1372876","Honda","Aero 80","Scooter","0350021U,Aero 0350002U","1985","1985|pages/oem-parts?brand=Honda&year=1985,Honda|pages/oem-parts?brand=Honda,Aero 80|collections/1985-honda-aero-80",""
"171654774865","1985-honda-atc200s","1985 Honda ATC200S | Parts and Accessories","IN-STOCK OEM Honda ATV  Parts & Accessories. SAME-DAY Ship on 1985 Honda ATC200S Parts to get You Up and Running again.","1112051,1381223","Honda","ATC200S","ATV","ATC200S","1985","1985|pages/oem-parts?brand=Honda&year=1985,Honda|pages/oem-parts?brand=Honda,ATC200S|collections/1985-honda-atc200s",""
"171654709329","1985-honda-atc125m","1985 Honda ATC125M | Parts and Accessories","IN-STOCK OEM Honda ATV  Parts & Accessories. SAME-DAY Ship on 1985 Honda ATC125M Parts to get You Up and Running again.","1112049,1382068","Honda","ATC125M","ATV","ATC125M","1985","1985|pages/oem-parts?brand=Honda&year=1985,Honda|pages/oem-parts?brand=Honda,ATC125M|collections/1985-honda-atc125m",""
"171654742097","1985-honda-atc200m","1985 Honda ATC200M | Parts and Accessories","IN-STOCK OEM Honda ATV  Parts & Accessories. SAME-DAY Ship on 1985 Honda ATC200M Parts to get You Up and Running again.","1112050,1384702","Honda","ATC200M","ATV","ATC200M","1985","1985|pages/oem-parts?brand=Honda&year=1985,Honda|pages/oem-parts?brand=Honda,ATC200M|collections/1985-honda-atc200m",""
"171653857361","1985-arctic-cat-el-tigre-6000","1985 Arctic Cat El Tigre 6000 | Parts and Accessories","IN-STOCK OEM Arctic Cat Snowmobile  Parts & Accessories. SAME-DAY Ship on 1985 Arctic Cat El Tigre 6000 Parts to get You Up and Running again.","1001474,1379414","Arctic Cat","El Tigre 6000","Snowmobile","El Tigre 6000","1985","1985|pages/oem-parts?brand=Arctic%20Cat&year=1985,Arctic Cat|pages/oem-parts?brand=Arctic%20Cat,El Tigre 6000|collections/1985-arctic-cat-el-tigre-6000",""
"171655069777","1985-honda-cr250r","1985 Honda CR250R | Parts and Accessories","IN-STOCK OEM Honda Off-road Motorcycle  Parts & Accessories. SAME-DAY Ship on 1985 Honda CR250R Parts to get You Up and Running again.","1113456,1348351","Honda","CR250R","Off-road Motorcycle","CR250R","1985","1985|pages/oem-parts?brand=Honda&year=1985,Honda|pages/oem-parts?brand=Honda,CR250R|collections/1985-honda-cr250r",""
"171654840401","1985-honda-atc250r","1985 Honda ATC250R | Parts and Accessories","IN-STOCK OEM Honda ATV  Parts & Accessories. SAME-DAY Ship on 1985 Honda ATC250R Parts to get You Up and Running again.","1112054,1389330","Honda","ATC250R","ATV","ATC250R","1985","1985|pages/oem-parts?brand=Honda&year=1985,Honda|pages/oem-parts?brand=Honda,ATC250R|collections/1985-honda-atc250r",""
"171654807633","1985-honda-atc200x","1985 Honda ATC200X | Parts and Accessories","IN-STOCK OEM Honda ATV  Parts & Accessories. SAME-DAY Ship on 1985 Honda ATC200X Parts to get You Up and Running again.","1112052,1389463","Honda","ATC200X","ATV","ATC200X","1985","1985|pages/oem-parts?brand=Honda&year=1985,Honda|pages/oem-parts?brand=Honda,ATC200X|collections/1985-honda-atc200x",""
"171654611025","1985-honda-aero-50","1985 Honda Aero 50 | Parts and Accessories","IN-STOCK OEM Honda Scooter  Parts & Accessories. SAME-DAY Ship on 1985 Honda Aero 50 Parts to get You Up and Running again.","1112851,1371871","Honda","Aero 50","Scooter","Aero PC1532","1985","1985|pages/oem-parts?brand=Honda&year=1985,Honda|pages/oem-parts?brand=Honda,Aero 50|collections/1985-honda-aero-50",""
"171654676561","1985-honda-atc110","1985 Honda ATC110 | Parts and Accessories","IN-STOCK OEM Honda ATV  Parts & Accessories. SAME-DAY Ship on 1985 Honda ATC110 Parts to get You Up and Running again.","1112048,1384885","Honda","ATC110","ATV","ATC110","1985","1985|pages/oem-parts?brand=Honda&year=1985,Honda|pages/oem-parts?brand=Honda,ATC110|collections/1985-honda-atc110",""
"171654971473","1985-honda-big-red-250","1985 Honda Big Red 250 | Parts and Accessories","IN-STOCK OEM Honda ATV  Parts & Accessories. SAME-DAY Ship on 1985 Honda Big Red 250 Parts to get You Up and Running again.","1112053,1383438","Honda","Big Red 250","ATV","21AE682W766 21A-250J265","1985","1985|pages/oem-parts?brand=Honda&year=1985,Honda|pages/oem-parts?brand=Honda,Big Red 250|collections/1985-honda-big-red-250",""
"171655037009","1985-honda-cr125r","1985 Honda CR125R | Parts and Accessories","IN-STOCK OEM Honda Off-road Motorcycle  Parts & Accessories. SAME-DAY Ship on 1985 Honda CR125R Parts to get You Up and Running again.","1113455,1346058","Honda","CR125R","Off-road Motorcycle","CR125R","1985","1985|pages/oem-parts?brand=Honda&year=1985,Honda|pages/oem-parts?brand=Honda,CR125R|collections/1985-honda-cr125r",""
"171655430225","1985-honda-interceptor-500","1985 Honda Interceptor 500 | Parts and Accessories","IN-STOCK OEM Honda Street Motorcycle  Parts & Accessories. SAME-DAY Ship on 1985 Honda Interceptor 500 Parts to get You Up and Running again.","1113473,1113474,1364962","Honda","Interceptor 500","Street Motorcycle","Interceptor 57060","1985","1985|pages/oem-parts?brand=Honda&year=1985,Honda|pages/oem-parts?brand=Honda,Interceptor 500|collections/1985-honda-interceptor-500",""
"171654545489","1985-arctic-cat-pantera","1985 Arctic Cat Pantera | Parts and Accessories","IN-STOCK OEM Arctic Cat Snowmobile  Parts & Accessories. SAME-DAY Ship on 1985 Arctic Cat Pantera Parts to get You Up and Running again.","1001475,1378781","Arctic Cat","Pantera","Snowmobile","Pantera","1985","1985|pages/oem-parts?brand=Arctic%20Cat&year=1985,Arctic Cat|pages/oem-parts?brand=Arctic%20Cat,Pantera|collections/1985-arctic-cat-pantera",""
"171655692369","1985-honda-sabre-700","1985 Honda Sabre 700 | Parts and Accessories","IN-STOCK OEM Honda Street Motorcycle  Parts & Accessories. SAME-DAY Ship on 1985 Honda Sabre 700 Parts to get You Up and Running again.","1113479,1113480,1346471","Honda","Sabre 700","Street Motorcycle","Sabre 57228","1985","1985|pages/oem-parts?brand=Honda&year=1985,Honda|pages/oem-parts?brand=Honda,Sabre 700|collections/1985-honda-sabre-700",""
"171655168081","1985-honda-elite-150","1985 Honda Elite 150 | Parts and Accessories","IN-STOCK OEM Honda Scooter  Parts & Accessories. SAME-DAY Ship on 1985 Honda Elite 150 Parts to get You Up and Running again.","1112843,1112844,1112845,1112846,1345907,1357563","Honda","Elite 150","Scooter","Elite 150","1985","1985|pages/oem-parts?brand=Honda&year=1985,Honda|pages/oem-parts?brand=Honda,Elite 150|collections/1985-honda-elite-150",""
"171655528529","1985-honda-nighthawk-450","1985 Honda Nighthawk 450 | Parts and Accessories","IN-STOCK OEM Honda Street Motorcycle  Parts & Accessories. SAME-DAY Ship on 1985 Honda Nighthawk 450 Parts to get You Up and Running again.","1113447,1113448,1348348","Honda","Nighthawk 450","Street Motorcycle","8451,Nighthawk 318-450-002","1985","1985|pages/oem-parts?brand=Honda&year=1985,Honda|pages/oem-parts?brand=Honda,Nighthawk 450|collections/1985-honda-nighthawk-450",""
"171655495761","1985-honda-magna-700","1985 Honda Magna 700 | Parts and Accessories","IN-STOCK OEM Honda Street Motorcycle  Parts & Accessories. SAME-DAY Ship on 1985 Honda Magna 700 Parts to get You Up and Running again.","1113475,1113476,1350455","Honda","Magna 700","Street Motorcycle","Magna 57228","1985","1985|pages/oem-parts?brand=Honda&year=1985,Honda|pages/oem-parts?brand=Honda,Magna 700|collections/1985-honda-magna-700",""
"171655266385","1985-honda-fourtrax-125","1985 Honda FourTrax 125 | Parts and Accessories","IN-STOCK OEM Honda ATV  Parts & Accessories. SAME-DAY Ship on 1985 Honda FourTrax 125 Parts to get You Up and Running again.","1112058,1382054","Honda","FourTrax 125","ATV","FourTrax 125,GX018BD010001-01124,GX018BD011244-025000,GX018BD025001-,PC9535","1985","1985|pages/oem-parts?brand=Honda&year=1985,Honda|pages/oem-parts?brand=Honda,FourTrax 125|collections/1985-honda-fourtrax-125",""
"171655397457","1985-honda-interceptor-1000","1985 Honda Interceptor 1000 | Parts and Accessories","IN-STOCK OEM Honda Street Motorcycle  Parts & Accessories. SAME-DAY Ship on 1985 Honda Interceptor 1000 Parts to get You Up and Running again.","1113465,1113466,1373321","Honda","Interceptor 1000","Street Motorcycle","Interceptor 132-520B196","1985","1985|pages/oem-parts?brand=Honda&year=1985,Honda|pages/oem-parts?brand=Honda,Interceptor 1000|collections/1985-honda-interceptor-1000",""
"171654938705","1985-honda-atc70","1985 Honda ATC70 | Parts and Accessories","IN-STOCK OEM Honda ATV  Parts & Accessories. SAME-DAY Ship on 1985 Honda ATC70 Parts to get You Up and Running again.","1112057,1385631","Honda","ATC70","ATV","ATC70","1985","1985|pages/oem-parts?brand=Honda&year=1985,Honda|pages/oem-parts?brand=Honda,ATC70|collections/1985-honda-atc70",""
"171654512721","1985-arctic-cat-kitty-cat","1985 Arctic Cat Kitty Cat | Parts and Accessories","IN-STOCK OEM Arctic Cat Snowmobile  Parts & Accessories. SAME-DAY Ship on 1985 Arctic Cat Kitty Cat Parts to get You Up and Running again.","1001479,1384798","Arctic Cat","Kitty Cat","Snowmobile","Kitty Cat","1985","1985|pages/oem-parts?brand=Arctic%20Cat&year=1985,Arctic Cat|pages/oem-parts?brand=Arctic%20Cat,Kitty Cat|collections/1985-arctic-cat-kitty-cat",""
"171655594065","1985-honda-nighthawk-700s","1985 Honda Nighthawk 700S | Parts and Accessories","IN-STOCK OEM Honda Street Motorcycle  Parts & Accessories. SAME-DAY Ship on 1985 Honda Nighthawk 700S Parts to get You Up and Running again.","1113451,1113452,1360569","Honda","Nighthawk 700S","Street Motorcycle","Nighthawk 21700S","1985","1985|pages/oem-parts?brand=Honda&year=1985,Honda|pages/oem-parts?brand=Honda,Nighthawk 700S|collections/1985-honda-nighthawk-700s",""
"171655987281","1985-honda-xl125s","1985 Honda XL125S | Parts and Accessories","IN-STOCK OEM Honda Dual Sport Motorcycle  Parts & Accessories. SAME-DAY Ship on 1985 Honda XL125S Parts to get You Up and Running again.","1113489,1113490,1360353","Honda","XL125S","Dual Sport Motorcycle","XL125S","1985","1985|pages/oem-parts?brand=Honda&year=1985,Honda|pages/oem-parts?brand=Honda,XL125S|collections/1985-honda-xl125s",""
"171655299153","1985-honda-fourtrax-250","1985 Honda FourTrax 250 | Parts and Accessories","IN-STOCK OEM Honda ATV  Parts & Accessories. SAME-DAY Ship on 1985 Honda FourTrax 250 Parts to get You Up and Running again.","1112059,1381010","Honda","FourTrax 250","ATV","FourTrax 21A-250J265","1985","1985|pages/oem-parts?brand=Honda&year=1985,Honda|pages/oem-parts?brand=Honda,FourTrax 250|collections/1985-honda-fourtrax-250",""
"171655725137","1985-honda-shadow-1100","1985 Honda Shadow 1100 | Parts and Accessories","IN-STOCK OEM Honda Street Motorcycle  Parts & Accessories. SAME-DAY Ship on 1985 Honda Shadow 1100 Parts to get You Up and Running again.","1113481,1373607","Honda","Shadow 1100","Street Motorcycle","1100,Shadow 183-611-002,UU503","1985","1985|pages/oem-parts?brand=Honda&year=1985,Honda|pages/oem-parts?brand=Honda,Shadow 1100|collections/1985-honda-shadow-1100",""
"171655462993","1985-honda-interceptor-700","1985 Honda Interceptor 700 | Parts and Accessories","IN-STOCK OEM Honda Street Motorcycle  Parts & Accessories. SAME-DAY Ship on 1985 Honda Interceptor 700 Parts to get You Up and Running again.","1113477,1113478,1349697","Honda","Interceptor 700","Street Motorcycle","Interceptor 57228","1985","1985|pages/oem-parts?brand=Honda&year=1985,Honda|pages/oem-parts?brand=Honda,Interceptor 700|collections/1985-honda-interceptor-700",""
"171654905937","1985-honda-atc350x","1985 Honda ATC350X | Parts and Accessories","IN-STOCK OEM Honda ATV  Parts & Accessories. SAME-DAY Ship on 1985 Honda ATC350X Parts to get You Up and Running again.","1112056,1381145","Honda","ATC350X","ATV","ATC350X","1985","1985|pages/oem-parts?brand=Honda&year=1985,Honda|pages/oem-parts?brand=Honda,ATC350X|collections/1985-honda-atc350x",""
"171654873169","1985-honda-atc250sx","1985 Honda ATC250SX | Parts and Accessories","IN-STOCK OEM Honda ATV  Parts & Accessories. SAME-DAY Ship on 1985 Honda ATC250SX Parts to get You Up and Running again.","1112055,1388127","Honda","ATC250SX","ATV","ATC250SX","1985","1985|pages/oem-parts?brand=Honda&year=1985,Honda|pages/oem-parts?brand=Honda,ATC250SX|collections/1985-honda-atc250sx",""
"171655954513","1985-honda-xl100s","1985 Honda XL100S | Parts and Accessories","IN-STOCK OEM Honda Dual Sport Motorcycle  Parts & Accessories. SAME-DAY Ship on 1985 Honda XL100S Parts to get You Up and Running again.","1113487,1113488,1349058","Honda","XL100S","Dual Sport Motorcycle","XL100S","1985","1985|pages/oem-parts?brand=Honda&year=1985,Honda|pages/oem-parts?brand=Honda,XL100S|collections/1985-honda-xl100s",""
"171655626833","1985-honda-odyssey-350","1985 Honda Odyssey 350 | Parts and Accessories","IN-STOCK OEM Honda ATV  Parts & Accessories. SAME-DAY Ship on 1985 Honda Odyssey 350 Parts to get You Up and Running again.","1381164","Honda","Odyssey 350","ATV","Odyssey 139-350-000","1985","1985|pages/oem-parts?brand=Honda&year=1985,Honda|pages/oem-parts?brand=Honda,Odyssey 350|collections/1985-honda-odyssey-350",""
"171655102545","1985-honda-cr500r","1985 Honda CR500R | Parts and Accessories","IN-STOCK OEM Honda Off-road Motorcycle  Parts & Accessories. SAME-DAY Ship on 1985 Honda CR500R Parts to get You Up and Running again.","1113457,1364540","Honda","CR500R","Off-road Motorcycle","CR500R","1985","1985|pages/oem-parts?brand=Honda&year=1985,Honda|pages/oem-parts?brand=Honda,CR500R|collections/1985-honda-cr500r",""
"171655921745","1985-honda-v65-sabre","1985 Honda V65 Sabre | Parts and Accessories","IN-STOCK OEM Honda Street Motorcycle  Parts & Accessories. SAME-DAY Ship on 1985 Honda V65 Sabre Parts to get You Up and Running again.","1113469,1113470,1346046","Honda","V65 Sabre","Street Motorcycle","V65 Sabre","1985","1985|pages/oem-parts?brand=Honda&year=1985,Honda|pages/oem-parts?brand=Honda,V65 Sabre|collections/1985-honda-v65-sabre",""
"171655004241","1985-honda-cb125s","1985 Honda CB125S | Parts and Accessories","IN-STOCK OEM Honda Street Motorcycle  Parts & Accessories. SAME-DAY Ship on 1985 Honda CB125S Parts to get You Up and Running again.","1113445,1113446,1372757","Honda","CB125S","Street Motorcycle","CB125S","1985","1985|pages/oem-parts?brand=Honda&year=1985,Honda|pages/oem-parts?brand=Honda,CB125S|collections/1985-honda-cb125s",""
"171655135313","1985-honda-cr80r","1985 Honda CR80R | Parts and Accessories","IN-STOCK OEM Honda Off-road Motorcycle  Parts & Accessories. SAME-DAY Ship on 1985 Honda CR80R Parts to get You Up and Running again.","1359761","Honda","CR80R","Off-road Motorcycle","CR80R","1985","1985|pages/oem-parts?brand=Honda&year=1985,Honda|pages/oem-parts?brand=Honda,CR80R|collections/1985-honda-cr80r",""
"171655364689","1985-honda-gyro-s","1985 Honda Gyro S | Parts and Accessories","IN-STOCK OEM Honda Street Motorcycle  Parts & Accessories. SAME-DAY Ship on 1985 Honda Gyro S Parts to get You Up and Running again.","1112855,1361414","Honda","Gyro S","Street Motorcycle","Gyro S","1985","1985|pages/oem-parts?brand=Honda&year=1985,Honda|pages/oem-parts?brand=Honda,Gyro S|collections/1985-honda-gyro-s",""
"171655659601","1985-honda-rebel-250","1985 Honda Rebel 250 | Parts and Accessories","IN-STOCK OEM Honda Street Motorcycle  Parts & Accessories. SAME-DAY Ship on 1985 Honda Rebel 250 Parts to get You Up and Running again.","1113453,1113454,1363316,1376348","Honda","Rebel 250","Street Motorcycle","Rebel 21A-250J265","1985","1985|pages/oem-parts?brand=Honda&year=1985,Honda|pages/oem-parts?brand=Honda,Rebel 250|collections/1985-honda-rebel-250",""
"171655561297","1985-honda-nighthawk-650","1985 Honda Nighthawk 650 | Parts and Accessories","IN-STOCK OEM Honda Street Motorcycle  Parts & Accessories. SAME-DAY Ship on 1985 Honda Nighthawk 650 Parts to get You Up and Running again.","1351973","Honda","Nighthawk 650","Street Motorcycle","21D-65M8793,Nighthawk CMXGVAM1144037","1985","1985|pages/oem-parts?brand=Honda&year=1985,Honda|pages/oem-parts?brand=Honda,Nighthawk 650|collections/1985-honda-nighthawk-650",""
"171655200849","1985-honda-elite-250","1985 Honda Elite 250 | Parts and Accessories","IN-STOCK OEM Honda Scooter  Parts & Accessories. SAME-DAY Ship on 1985 Honda Elite 250 Parts to get You Up and Running again.","1112847,1112848,1356895","Honda","Elite 250","Scooter","Elite 21A-250J265","1985","1985|pages/oem-parts?brand=Honda&year=1985,Honda|pages/oem-parts?brand=Honda,Elite 250|collections/1985-honda-elite-250",""
"171655757905","1985-honda-shadow-500","1985 Honda Shadow 500 | Parts and Accessories","IN-STOCK OEM Honda Street Motorcycle  Parts & Accessories. SAME-DAY Ship on 1985 Honda Shadow 500 Parts to get You Up and Running again.","1373623","Honda","Shadow 500","Street Motorcycle","Shadow 57060","1985","1985|pages/oem-parts?brand=Honda&year=1985,Honda|pages/oem-parts?brand=Honda,Shadow 500|collections/1985-honda-shadow-500",""
"171655331921","1985-honda-goldwing-1200","1985 Honda Goldwing 1200 | Parts and Accessories","IN-STOCK OEM Honda Street Motorcycle  Parts & Accessories. SAME-DAY Ship on 1985 Honda Goldwing 1200 Parts to get You Up and Running again.","1113459,1113460,1113461,1113462,1113463,1113464,1350052,1353326,1354158","Honda","Goldwing 1200","Street Motorcycle","Goldwing 132-650F196","1985","1985|pages/oem-parts?brand=Honda&year=1985,Honda|pages/oem-parts?brand=Honda,Goldwing 1200|collections/1985-honda-goldwing-1200",""
"171656020049","1985-honda-xl250","1985 Honda XL250 | Parts and Accessories","IN-STOCK OEM Honda Dual Sport Motorcycle  Parts & Accessories. SAME-DAY Ship on 1985 Honda XL250 Parts to get You Up and Running again.","1113491,1113492","Honda","XL250","Dual Sport Motorcycle","XL250","1985","1985|pages/oem-parts?brand=Honda&year=1985,Honda|pages/oem-parts?brand=Honda,XL250|collections/1985-honda-xl250",""
"171655790673","1985-honda-shadow-700","1985 Honda Shadow 700 | Parts and Accessories","IN-STOCK OEM Honda Street Motorcycle  Parts & Accessories. SAME-DAY Ship on 1985 Honda Shadow 700 Parts to get You Up and Running again.","1113485,1113486,1373747","Honda","Shadow 700","Street Motorcycle","Shadow 57228","1985","1985|pages/oem-parts?brand=Honda&year=1985,Honda|pages/oem-parts?brand=Honda,Shadow 700|collections/1985-honda-shadow-700",""
"171655856209","1985-honda-v30-magna","1985 Honda V30 Magna | Parts and Accessories","IN-STOCK OEM Honda Street Motorcycle  Parts & Accessories. SAME-DAY Ship on 1985 Honda V30 Magna Parts to get You Up and Running again.","1113471,1113472,1357532","Honda","V30 Magna","Street Motorcycle","V30 Magna","1985","1985|pages/oem-parts?brand=Honda&year=1985,Honda|pages/oem-parts?brand=Honda,V30 Magna|collections/1985-honda-v30-magna",""
"171656085585","1985-honda-xl350r","1985 Honda XL350R | Parts and Accessories","IN-STOCK OEM Honda Dual Sport Motorcycle  Parts & Accessories. SAME-DAY Ship on 1985 Honda XL350R Parts to get You Up and Running again.","1113493,1113494,1360804","Honda","XL350R","Dual Sport Motorcycle","XL350R","1985","1985|pages/oem-parts?brand=Honda&year=1985,Honda|pages/oem-parts?brand=Honda,XL350R|collections/1985-honda-xl350r",""
"171655233617","1985-honda-elite-80","1985 Honda Elite 80 | Parts and Accessories","IN-STOCK OEM Honda Scooter  Parts & Accessories. SAME-DAY Ship on 1985 Honda Elite 80 Parts to get You Up and Running again.","1112849,1112850,1357057","Honda","Elite 80","Scooter","0350021U,Elite 0350002U","1985","1985|pages/oem-parts?brand=Honda&year=1985,Honda|pages/oem-parts?brand=Honda,Elite 80|collections/1985-honda-elite-80",""
"171656118353","1985-honda-xl600r","1985 Honda XL600R | Parts and Accessories","IN-STOCK OEM Honda Dual Sport Motorcycle  Parts & Accessories. SAME-DAY Ship on 1985 Honda XL600R Parts to get You Up and Running again.","1352619","Honda","XL600R","Dual Sport Motorcycle","XL600R","1985","1985|pages/oem-parts?brand=Honda&year=1985,Honda|pages/oem-parts?brand=Honda,XL600R|collections/1985-honda-xl600r",""
"171656052817","1985-honda-xl250r","1985 Honda XL250R | Parts and Accessories","IN-STOCK OEM Honda Dual Sport Motorcycle  Parts & Accessories. SAME-DAY Ship on 1985 Honda XL250R Parts to get You Up and Running again.","1356890","Honda","XL250R","Dual Sport Motorcycle","XL250R","1985","1985|pages/oem-parts?brand=Honda&year=1985,Honda|pages/oem-parts?brand=Honda,XL250R|collections/1985-honda-xl250r",""
"171653890129","1985-arctic-cat-jag","1985 Arctic Cat Jag | Parts and Accessories","IN-STOCK OEM Arctic Cat Snowmobile  Parts & Accessories. SAME-DAY Ship on 1985 Arctic Cat Jag Parts to get You Up and Running again.","1001478,1382486","Arctic Cat","Jag","Snowmobile","Jag","1985","1985|pages/oem-parts?brand=Arctic%20Cat&year=1985,Arctic Cat|pages/oem-parts?brand=Arctic%20Cat,Jag|collections/1985-arctic-cat-jag",""
"171655823441","1985-honda-spree-50","1985 Honda Spree 50 | Parts and Accessories","IN-STOCK OEM Honda Scooter  Parts & Accessories. SAME-DAY Ship on 1985 Honda Spree 50 Parts to get You Up and Running again.","1112853,1112854,1361648,1375255","Honda","Spree 50","Scooter","Spree PC1532","1985","1985|pages/oem-parts?brand=Honda&year=1985,Honda|pages/oem-parts?brand=Honda,Spree 50|collections/1985-honda-spree-50",""
"171655888977","1985-honda-v65-magna","1985 Honda V65 Magna | Parts and Accessories","IN-STOCK OEM Honda Street Motorcycle  Parts & Accessories. SAME-DAY Ship on 1985 Honda V65 Magna Parts to get You Up and Running again.","1359712","Honda","V65 Magna","Street Motorcycle","V65 Magna","1985","1985|pages/oem-parts?brand=Honda&year=1985,Honda|pages/oem-parts?brand=Honda,V65 Magna|collections/1985-honda-v65-magna",""
"171656380497","1985-honda-z50r","1985 Honda Z50R | Parts and Accessories","IN-STOCK OEM Honda Dual Sport Motorcycle  Parts & Accessories. SAME-DAY Ship on 1985 Honda Z50R Parts to get You Up and Running again.","1113505,1356905","Honda","Z50R","Dual Sport Motorcycle","Z50R","1985","1985|pages/oem-parts?brand=Honda&year=1985,Honda|pages/oem-parts?brand=Honda,Z50R|collections/1985-honda-z50r",""
"171656216657","1985-honda-xr200r","1985 Honda XR200R | Parts and Accessories","IN-STOCK OEM Honda Dual Sport Motorcycle  Parts & Accessories. SAME-DAY Ship on 1985 Honda XR200R Parts to get You Up and Running again.","1113500,1356578","Honda","XR200R","Dual Sport Motorcycle","XR200R","1985","1985|pages/oem-parts?brand=Honda&year=1985,Honda|pages/oem-parts?brand=Honda,XR200R|collections/1985-honda-xr200r",""
"171656314961","1985-honda-xr600r","1985 Honda XR600R | Parts and Accessories","IN-STOCK OEM Honda Dual Sport Motorcycle  Parts & Accessories. SAME-DAY Ship on 1985 Honda XR600R Parts to get You Up and Running again.","1113503,1350109","Honda","XR600R","Dual Sport Motorcycle","XR600R","1985","1985|pages/oem-parts?brand=Honda&year=1985,Honda|pages/oem-parts?brand=Honda,XR600R|collections/1985-honda-xr600r",""
"171656249425","1985-honda-xr250r","1985 Honda XR250R | Parts and Accessories","IN-STOCK OEM Honda Dual Sport Motorcycle  Parts & Accessories. SAME-DAY Ship on 1985 Honda XR250R Parts to get You Up and Running again.","1113501,1353945","Honda","XR250R","Dual Sport Motorcycle","XR250R","1985","1985|pages/oem-parts?brand=Honda&year=1985,Honda|pages/oem-parts?brand=Honda,XR250R|collections/1985-honda-xr250r",""
"171656347729","1985-honda-xr80r","1985 Honda XR80R | Parts and Accessories","IN-STOCK OEM Honda Off-road Motorcycle  Parts & Accessories. SAME-DAY Ship on 1985 Honda XR80R Parts to get You Up and Running again.","1113504,1365580","Honda","XR80R","Off-road Motorcycle","XR80R","1985","1985|pages/oem-parts?brand=Honda&year=1985,Honda|pages/oem-parts?brand=Honda,XR80R|collections/1985-honda-xr80r",""
"171657494609","1986-honda-atc350x","1986 Honda ATC350X | Parts and Accessories","IN-STOCK OEM Honda ATV  Parts & Accessories. SAME-DAY Ship on 1986 Honda ATC350X Parts to get You Up and Running again.","1112066,1380368","Honda","ATC350X","ATV","ATC350X","1986","1986|pages/oem-parts?brand=Honda&year=1986,Honda|pages/oem-parts?brand=Honda,ATC350X|collections/1986-honda-atc350x",""
"171656478801","1985-polaris-scrambler-250","1985 Polaris Scrambler 250 | Parts and Accessories","IN-STOCK OEM Polaris ATV  Parts & Accessories. SAME-DAY Ship on 1985 Polaris Scrambler 250 Parts to get You Up and Running again.","1281333","Polaris","Scrambler 250","ATV","Scrambler 21A-250J265","1985","1985|pages/oem-parts?brand=Polaris&year=1985,Polaris|pages/oem-parts?brand=Polaris,Scrambler 250|collections/1985-polaris-scrambler-250","Polaris"
"171656446033","1985-polaris-longtrak","1985 Polaris Longtrak | Parts and Accessories","IN-STOCK OEM Polaris Snowmobile  Parts & Accessories. SAME-DAY Ship on 1985 Polaris Longtrak Parts to get You Up and Running again.","1283950,1283954","Polaris","Longtrak","Snowmobile","Longtrak","1985","1985|pages/oem-parts?brand=Polaris&year=1985,Polaris|pages/oem-parts?brand=Polaris,LongTrak|collections/1985-polaris-longtrak","Polaris"
"171656183889","1985-honda-xr100r","1985 Honda XR100R | Parts and Accessories","IN-STOCK OEM Honda Off-road Motorcycle  Parts & Accessories. SAME-DAY Ship on 1985 Honda XR100R Parts to get You Up and Running again.","1113499,1357559","Honda","XR100R","Off-road Motorcycle","XR100R","1985","1985|pages/oem-parts?brand=Honda&year=1985,Honda|pages/oem-parts?brand=Honda,XR100R|collections/1985-honda-xr100r",""
"171657691217","1986-honda-ct110","1986 Honda CT110 | Parts and Accessories","IN-STOCK OEM Honda Street Motorcycle  Parts & Accessories. SAME-DAY Ship on 1986 Honda CT110 Parts to get You Up and Running again.","1113520,1113521,1350477","Honda","CT110","Street Motorcycle","CT110","1986","1986|pages/oem-parts?brand=Honda&year=1986,Honda|pages/oem-parts?brand=Honda,CT110|collections/1986-honda-ct110",""
"171657298001","1986-honda-aero-50","1986 Honda Aero 50 | Parts and Accessories","IN-STOCK OEM Honda Scooter  Parts & Accessories. SAME-DAY Ship on 1986 Honda Aero 50 Parts to get You Up and Running again.","1112864,1373296","Honda","Aero 50","Scooter","Aero PC1532","1986","1986|pages/oem-parts?brand=Honda&year=1986,Honda|pages/oem-parts?brand=Honda,Aero 50|collections/1986-honda-aero-50",""
"171657134161","1986-arctic-cat-el-tigre-6000","1986 Arctic Cat El Tigre 6000 | Parts and Accessories","IN-STOCK OEM Arctic Cat Snowmobile  Parts & Accessories. SAME-DAY Ship on 1986 Arctic Cat El Tigre 6000 Parts to get You Up and Running again.","1001486,1380570","Arctic Cat","El Tigre 6000","Snowmobile","El Tigre 6000","1986","1986|pages/oem-parts?brand=Arctic%20Cat&year=1986,Arctic Cat|pages/oem-parts?brand=Arctic%20Cat,El Tigre 6000|collections/1986-arctic-cat-el-tigre-6000",""
"171657199697","1986-arctic-cat-kitty-cat","1986 Arctic Cat Kitty Cat | Parts and Accessories","IN-STOCK OEM Arctic Cat Snowmobile  Parts & Accessories. SAME-DAY Ship on 1986 Arctic Cat Kitty Cat Parts to get You Up and Running again.","1001483,1381017","Arctic Cat","Kitty Cat","Snowmobile","Kitty Cat","1986","1986|pages/oem-parts?brand=Arctic%20Cat&year=1986,Arctic Cat|pages/oem-parts?brand=Arctic%20Cat,Kitty Cat|collections/1986-arctic-cat-kitty-cat",""
"171656282193","1985-honda-xr350r","1985 Honda XR350R | Parts and Accessories","IN-STOCK OEM Honda Dual Sport Motorcycle  Parts & Accessories. SAME-DAY Ship on 1985 Honda XR350R Parts to get You Up and Running again.","1113502,1350518","Honda","XR350R","Dual Sport Motorcycle","XR350R","1985","1985|pages/oem-parts?brand=Honda&year=1985,Honda|pages/oem-parts?brand=Honda,XR350R|collections/1985-honda-xr350r",""
"171656511569","1985-polaris-star-twin","1985 Polaris Star Twin | Parts and Accessories","IN-STOCK OEM Polaris Snowmobile  Parts & Accessories. SAME-DAY Ship on 1985 Polaris Star Twin Parts to get You Up and Running again.","1283949,1283958","Polaris","Star Twin","Snowmobile","Star Twin","1985","1985|pages/oem-parts?brand=Polaris&year=1985,Polaris|pages/oem-parts?brand=Polaris,Star Twin|collections/1985-polaris-star-twin","Polaris"
"171657232465","1986-arctic-cat-pantera","1986 Arctic Cat Pantera | Parts and Accessories","IN-STOCK OEM Arctic Cat Snowmobile  Parts & Accessories. SAME-DAY Ship on 1986 Arctic Cat Pantera Parts to get You Up and Running again.","1001484,1387974","Arctic Cat","Pantera","Snowmobile","Pantera","1986","1986|pages/oem-parts?brand=Arctic%20Cat&year=1986,Arctic Cat|pages/oem-parts?brand=Arctic%20Cat,Pantera|collections/1986-arctic-cat-pantera",""
"171658149969","1986-honda-interceptor-700","1986 Honda Interceptor 700 | Parts and Accessories","IN-STOCK OEM Honda Street Motorcycle  Parts & Accessories. SAME-DAY Ship on 1986 Honda Interceptor 700 Parts to get You Up and Running again.","1113539,1113540,1113541,1113542,1356891","Honda","Interceptor 700","Street Motorcycle","Interceptor 57228","1986","1986|pages/oem-parts?brand=Honda&year=1986,Honda|pages/oem-parts?brand=Honda,Interceptor 700|collections/1986-honda-interceptor-700",""
"171657101393","1986-arctic-cat-cougar","1986 Arctic Cat Cougar | Parts and Accessories","IN-STOCK OEM Arctic Cat Snowmobile  Parts & Accessories. SAME-DAY Ship on 1986 Arctic Cat Cougar Parts to get You Up and Running again.","1001485,1388770","Arctic Cat","Cougar","Snowmobile","Cougar","1986","1986|pages/oem-parts?brand=Arctic%20Cat&year=1986,Arctic Cat|pages/oem-parts?brand=Arctic%20Cat,Cougar|collections/1986-arctic-cat-cougar",""
"171657330769","1986-honda-atc125m","1986 Honda ATC125M | Parts and Accessories","IN-STOCK OEM Honda ATV  Parts & Accessories. SAME-DAY Ship on 1986 Honda ATC125M Parts to get You Up and Running again.","1378604","Honda","ATC125M","ATV","ATC125M","1986","1986|pages/oem-parts?brand=Honda&year=1986,Honda|pages/oem-parts?brand=Honda,ATC125M|collections/1986-honda-atc125m",""
"171657461841","1986-honda-atc250sx","1986 Honda ATC250SX | Parts and Accessories","IN-STOCK OEM Honda ATV  Parts & Accessories. SAME-DAY Ship on 1986 Honda ATC250SX Parts to get You Up and Running again.","1112065,1385253","Honda","ATC250SX","ATV","ATC250SX","1986","1986|pages/oem-parts?brand=Honda&year=1986,Honda|pages/oem-parts?brand=Honda,ATC250SX|collections/1986-honda-atc250sx",""
"171657658449","1986-honda-cr80r","1986 Honda CR80R | Parts and Accessories","IN-STOCK OEM Honda Off-road Motorcycle  Parts & Accessories. SAME-DAY Ship on 1986 Honda CR80R Parts to get You Up and Running again.","1113519,1359996","Honda","CR80R","Off-road Motorcycle","CR80R","1986","1986|pages/oem-parts?brand=Honda&year=1986,Honda|pages/oem-parts?brand=Honda,CR80R|collections/1986-honda-cr80r",""
"171657527377","1986-honda-big-red-250","1986 Honda Big Red 250 | Parts and Accessories","IN-STOCK OEM Honda ATV  Parts & Accessories. SAME-DAY Ship on 1986 Honda Big Red 250 Parts to get You Up and Running again.","1383191","Honda","Big Red 250","ATV","21AE682W766 21A-250J265","1986","1986|pages/oem-parts?brand=Honda&year=1986,Honda|pages/oem-parts?brand=Honda,Big Red 250|collections/1986-honda-big-red-250",""
"171657429073","1986-honda-atc250r","1986 Honda ATC250R | Parts and Accessories","IN-STOCK OEM Honda ATV  Parts & Accessories. SAME-DAY Ship on 1986 Honda ATC250R Parts to get You Up and Running again.","1112064,1382686","Honda","ATC250R","ATV","ATC250R","1986","1986|pages/oem-parts?brand=Honda&year=1986,Honda|pages/oem-parts?brand=Honda,ATC250R|collections/1986-honda-atc250r",""
"171656609873","1985-polaris-trail-boss-250r","1985 Polaris Trail-Boss 250R | Parts and Accessories","IN-STOCK OEM Polaris ATV  Parts & Accessories. SAME-DAY Ship on 1985 Polaris Trail-Boss 250R Parts to get You Up and Running again.","1281332","Polaris","Trail-Boss 250R","ATV","Trail-Boss 250R009","1985","1985|pages/oem-parts?brand=Polaris&year=1985,Polaris|pages/oem-parts?brand=Polaris,Trail Boss 250R|collections/1985-polaris-trail-boss-250r","Polaris"
"171657756753","1986-honda-elite-250","1986 Honda Elite 250 | Parts and Accessories","IN-STOCK OEM Honda Scooter  Parts & Accessories. SAME-DAY Ship on 1986 Honda Elite 250 Parts to get You Up and Running again.","1112858,1112859,1353550","Honda","Elite 250","Scooter","Elite 21A-250J265","1986","1986|pages/oem-parts?brand=Honda&year=1986,Honda|pages/oem-parts?brand=Honda,Elite 250|collections/1986-honda-elite-250",""
"171657855057","1986-honda-fourtrax-200","1986 Honda FourTrax 200 | Parts and Accessories","IN-STOCK OEM Honda ATV  Parts & Accessories. SAME-DAY Ship on 1986 Honda FourTrax 200 Parts to get You Up and Running again.","1112068,1383219","Honda","FourTrax 200","ATV","C200D30001-55000,FourTrax PC1473","1986","1986|pages/oem-parts?brand=Honda&year=1986,Honda|pages/oem-parts?brand=Honda,FourTrax 200|collections/1986-honda-fourtrax-200",""
"171657396305","1986-honda-atc200x","1986 Honda ATC200X | Parts and Accessories","IN-STOCK OEM Honda ATV  Parts & Accessories. SAME-DAY Ship on 1986 Honda ATC200X Parts to get You Up and Running again.","1112062,1383076","Honda","ATC200X","ATV","ATC200X","1986","1986|pages/oem-parts?brand=Honda&year=1986,Honda|pages/oem-parts?brand=Honda,ATC200X|collections/1986-honda-atc200x",""
"171657789521","1986-honda-elite-80","1986 Honda Elite 80 | Parts and Accessories","IN-STOCK OEM Honda Scooter  Parts & Accessories. SAME-DAY Ship on 1986 Honda Elite 80 Parts to get You Up and Running again.","1112860,1112861,1364554","Honda","Elite 80","Scooter","0350021U,Elite 0350002U","1986","1986|pages/oem-parts?brand=Honda&year=1986,Honda|pages/oem-parts?brand=Honda,Elite 80|collections/1986-honda-elite-80",""
"171657920593","1986-honda-fourtrax-350","1986 Honda FourTrax 350 | Parts and Accessories","IN-STOCK OEM Honda ATV  Parts & Accessories. SAME-DAY Ship on 1986 Honda FourTrax 350 Parts to get You Up and Running again.","1112071,1387138","Honda","FourTrax 350","ATV","FourTrax 139-350-000","1986","1986|pages/oem-parts?brand=Honda&year=1986,Honda|pages/oem-parts?brand=Honda,FourTrax 350|collections/1986-honda-fourtrax-350",""
"171657592913","1986-honda-cr250r","1986 Honda CR250R | Parts and Accessories","IN-STOCK OEM Honda Off-road Motorcycle  Parts & Accessories. SAME-DAY Ship on 1986 Honda CR250R Parts to get You Up and Running again.","1113517,1354854","Honda","CR250R","Off-road Motorcycle","CR250R","1986","1986|pages/oem-parts?brand=Honda&year=1986,Honda|pages/oem-parts?brand=Honda,CR250R|collections/1986-honda-cr250r",""
"171657560145","1986-honda-cr125r","1986 Honda CR125R | Parts and Accessories","IN-STOCK OEM Honda Off-road Motorcycle  Parts & Accessories. SAME-DAY Ship on 1986 Honda CR125R Parts to get You Up and Running again.","1113516,1347428","Honda","CR125R","Off-road Motorcycle","CR125R","1986","1986|pages/oem-parts?brand=Honda&year=1986,Honda|pages/oem-parts?brand=Honda,CR125R|collections/1986-honda-cr125r",""
"171657822289","1986-honda-fourtrax-125","1986 Honda FourTrax 125 | Parts and Accessories","IN-STOCK OEM Honda ATV  Parts & Accessories. SAME-DAY Ship on 1986 Honda FourTrax 125 Parts to get You Up and Running again.","1112067,1381241","Honda","FourTrax 125","ATV","FourTrax 125,GX018BD010001-01124,GX018BD011244-025000,GX018BD025001-,PC9535","1986","1986|pages/oem-parts?brand=Honda&year=1986,Honda|pages/oem-parts?brand=Honda,FourTrax 125|collections/1986-honda-fourtrax-125",""
"171657166929","1986-arctic-cat-jag","1986 Arctic Cat Jag | Parts and Accessories","IN-STOCK OEM Arctic Cat Snowmobile  Parts & Accessories. SAME-DAY Ship on 1986 Arctic Cat Jag Parts to get You Up and Running again.","1001481,1385348","Arctic Cat","Jag","Snowmobile","Jag","1986","1986|pages/oem-parts?brand=Arctic%20Cat&year=1986,Arctic Cat|pages/oem-parts?brand=Arctic%20Cat,Jag|collections/1986-arctic-cat-jag",""
"171657625681","1986-honda-cr500r","1986 Honda CR500R | Parts and Accessories","IN-STOCK OEM Honda Off-road Motorcycle  Parts & Accessories. SAME-DAY Ship on 1986 Honda CR500R Parts to get You Up and Running again.","1113518,1355033","Honda","CR500R","Off-road Motorcycle","CR500R","1986","1986|pages/oem-parts?brand=Honda&year=1986,Honda|pages/oem-parts?brand=Honda,CR500R|collections/1986-honda-cr500r",""
"171656151121","1985-honda-xl80s","1985 Honda XL80S | Parts and Accessories","IN-STOCK OEM Honda Dual Sport Motorcycle  Parts & Accessories. SAME-DAY Ship on 1985 Honda XL80S Parts to get You Up and Running again.","1113497,1113498,1355841","Honda","XL80S","Dual Sport Motorcycle","XL80S","1985","1985|pages/oem-parts?brand=Honda&year=1985,Honda|pages/oem-parts?brand=Honda,XL80S|collections/1985-honda-xl80s",""
"171657986129","1986-honda-goldwing-1200","1986 Honda Goldwing 1200 | Parts and Accessories","IN-STOCK OEM Honda Street Motorcycle  Parts & Accessories. SAME-DAY Ship on 1986 Honda Goldwing 1200 Parts to get You Up and Running again.","1113526,1355648,1362022,1374484","Honda","Goldwing 1200","Street Motorcycle","Goldwing 132-650F196","1986","1986|pages/oem-parts?brand=Honda&year=1986,Honda|pages/oem-parts?brand=Honda,Goldwing 1200|collections/1986-honda-goldwing-1200",""
"171657723985","1986-honda-elite-150","1986 Honda Elite 150 | Parts and Accessories","IN-STOCK OEM Honda Scooter  Parts & Accessories. SAME-DAY Ship on 1986 Honda Elite 150 Parts to get You Up and Running again.","1112856,1112857,1357545,1370726","Honda","Elite 150","Scooter","Elite 150","1986","1986|pages/oem-parts?brand=Honda&year=1986,Honda|pages/oem-parts?brand=Honda,Elite 150|collections/1986-honda-elite-150",""
"171657265233","1986-arctic-cat-panther","1986 Arctic Cat Panther | Parts and Accessories","IN-STOCK OEM Arctic Cat Snowmobile  Parts & Accessories. SAME-DAY Ship on 1986 Arctic Cat Panther Parts to get You Up and Running again.","1001482,1378532","Arctic Cat","Panther","Snowmobile","Panther","1986","1986|pages/oem-parts?brand=Arctic%20Cat&year=1986,Arctic Cat|pages/oem-parts?brand=Arctic%20Cat,Panther|collections/1986-arctic-cat-panther",""
"171657887825","1986-honda-fourtrax-250","1986 Honda FourTrax 250 | Parts and Accessories","IN-STOCK OEM Honda ATV  Parts & Accessories. SAME-DAY Ship on 1986 Honda FourTrax 250 Parts to get You Up and Running again.","1112069,1112070,1383563,1388027","Honda","FourTrax 250","ATV","FourTrax 21A-250J265","1986","1986|pages/oem-parts?brand=Honda&year=1986,Honda|pages/oem-parts?brand=Honda,FourTrax 250|collections/1986-honda-fourtrax-250",""
"171657363537","1986-honda-atc200s","1986 Honda ATC200S | Parts and Accessories","IN-STOCK OEM Honda ATV  Parts & Accessories. SAME-DAY Ship on 1986 Honda ATC200S Parts to get You Up and Running again.","1112061,1379759","Honda","ATC200S","ATV","ATC200S","1986","1986|pages/oem-parts?brand=Honda&year=1986,Honda|pages/oem-parts?brand=Honda,ATC200S|collections/1986-honda-atc200s",""
"171658084433","1986-honda-interceptor-1000","1986 Honda Interceptor 1000 | Parts and Accessories","IN-STOCK OEM Honda Street Motorcycle  Parts & Accessories. SAME-DAY Ship on 1986 Honda Interceptor 1000 Parts to get You Up and Running again.","1113531,1113532,1359687","Honda","Interceptor 1000","Street Motorcycle","Interceptor 132-520B196","1986","1986|pages/oem-parts?brand=Honda&year=1986,Honda|pages/oem-parts?brand=Honda,Interceptor 1000|collections/1986-honda-interceptor-1000",""
"171657953361","1986-honda-fourtrax-70","1986 Honda FourTrax 70 | Parts and Accessories","IN-STOCK OEM Honda ATV  Parts & Accessories. SAME-DAY Ship on 1986 Honda FourTrax 70 Parts to get You Up and Running again.","1112072,1383129","Honda","FourTrax 70","ATV","FourTrax PC1187","1986","1986|pages/oem-parts?brand=Honda&year=1986,Honda|pages/oem-parts?brand=Honda,FourTrax 70|collections/1986-honda-fourtrax-70",""
"171658215505","1986-honda-magna-700","1986 Honda Magna 700 | Parts and Accessories","IN-STOCK OEM Honda Street Motorcycle  Parts & Accessories. SAME-DAY Ship on 1986 Honda Magna 700 Parts to get You Up and Running again.","1354485","Honda","Magna 700","Street Motorcycle","Magna 57228","1986","1986|pages/oem-parts?brand=Honda&year=1986,Honda|pages/oem-parts?brand=Honda,Magna 700|collections/1986-honda-magna-700",""
"171658018897","1986-honda-gyro-s","1986 Honda Gyro S | Parts and Accessories","IN-STOCK OEM Honda Street Motorcycle  Parts & Accessories. SAME-DAY Ship on 1986 Honda Gyro S Parts to get You Up and Running again.","1112869,1367553","Honda","Gyro S","Street Motorcycle","Gyro S","1986","1986|pages/oem-parts?brand=Honda&year=1986,Honda|pages/oem-parts?brand=Honda,Gyro S|collections/1986-honda-gyro-s",""
"171658117201","1986-honda-interceptor-500","1986 Honda Interceptor 500 | Parts and Accessories","IN-STOCK OEM Honda Street Motorcycle  Parts & Accessories. SAME-DAY Ship on 1986 Honda Interceptor 500 Parts to get You Up and Running again.","1352505","Honda","Interceptor 500","Street Motorcycle","Interceptor 57060","1986","1986|pages/oem-parts?brand=Honda&year=1986,Honda|pages/oem-parts?brand=Honda,Interceptor 500|collections/1986-honda-interceptor-500",""
"171658182737","1986-honda-interceptor-750","1986 Honda Interceptor 750 | Parts and Accessories","IN-STOCK OEM Honda Street Motorcycle  Parts & Accessories. SAME-DAY Ship on 1986 Honda Interceptor 750 Parts to get You Up and Running again.","1113543,1113544,1357509","Honda","Interceptor 750","Street Motorcycle","Interceptor 137-750-000","1986","1986|pages/oem-parts?brand=Honda&year=1986,Honda|pages/oem-parts?brand=Honda,Interceptor 750|collections/1986-honda-interceptor-750",""
